{"stat.beaconInteraction":1,"stat.chestOpened":73,"stat.craftItem.minecraft.leather_leggings":2,"stat.useItem.minecraft.sticky_piston":13,"stat.useItem.minecraft.quartz_block":332,"stat.useItem.minecraft.painting":50,"stat.useItem.minecraft.quartz_stairs":140,"stat.leaveGame":15,"stat.useItem.minecraft.beacon":4,"stat.useItem.minecraft.skull":5,"stat.useItem.minecraft.glowstone":60,"stat.useItem.minecraft.packed_ice":7,"stat.useItem.minecraft.flower_pot":6,"stat.useItem.minecraft.bedrock":692,"stat.jump":1913,"stat.useItem.minecraft.iron_trapdoor":33,"stat.swimOneCm":3247,"stat.fallOneCm":211,"stat.climbOneCm":11703,"stat.useItem.minecraft.trapped_chest":11,"stat.useItem.minecraft.piston":4,"stat.crouchOneCm":380514,"stat.useItem.minecraft.nether_brick_fence":190,"stat.useItem.minecraft.obsidian":1,"stat.useItem.minecraft.redstone_torch":4,"stat.useItem.minecraft.dirt":9,"achievement.exploreAllBiomes":{"value":0,"progress":["MushroomIsland"]},"stat.craftingTableInteraction":6,"stat.useItem.minecraft.vine":409,"stat.damageTaken":240,"stat.useItem.minecraft.furnace":4,"stat.useItem.minecraft.slime":66,"stat.useItem.minecraft.anvil":4,"stat.flyOneCm":6461643,"stat.useItem.minecraft.birch_fence":15,"stat.useItem.minecraft.enchanting_table":7,"stat.useItem.minecraft.wool":455,"stat.timeSinceDeath":455057,"stat.useItem.minecraft.crafting_table":3,"stat.useItem.minecraft.sign":17,"stat.flowerPotted":6,"stat.walkOneCm":1379362,"stat.useItem.minecraft.torch":2,"stat.trappedChestTriggered":33,"stat.useItem.minecraft.chest":35,"stat.furnaceInteraction":1,"stat.craftItem.minecraft.leather_boots":2,"stat.craftItem.minecraft.leather_helmet":2,"stat.useItem.minecraft.redstone_block":7,"stat.useItem.minecraft.redstone":8,"stat.useItem.minecraft.sea_lantern":513,"stat.useItem.minecraft.written_book":2,"stat.useItem.minecraft.stained_hardened_clay":4816,"stat.sprintOneCm":528485,"stat.useItem.minecraft.stained_glass":968,"stat.useItem.minecraft.diamond_block":95,"stat.useItem.minecraft.netherrack":13,"stat.useItem.minecraft.prismarine":519,"stat.useItem.minecraft.stone_slab":423,"achievement.openInventory":239,"stat.useItem.minecraft.snowball":503,"stat.useItem.minecraft.barrier":46,"stat.useItem.minecraft.flint_and_steel":17,"stat.mineBlock.minecraft.sea_lantern":3,"stat.useItem.minecraft.iron_block":36,"stat.mineBlock.minecraft.prismarine":1,"stat.mineBlock.minecraft.crafting_table":1,"stat.useItem.minecraft.stone_pressure_plate":13,"stat.useItem.minecraft.diamond_pickaxe":1,"stat.deaths":3,"stat.useItem.minecraft.cobblestone_wall":208,"stat.drop":4,"stat.playOneMinute":587510,"stat.craftItem.minecraft.leather_chestplate":2,"stat.diveOneCm":13239,"stat.useItem.minecraft.sandstone":6,"stat.useItem.minecraft.web":5}